data,produto,quantidade,preco_unitario,valor_total
2023-04-13,Notebook,2,3944.21,7888.42
2024-03-11,Notebook,3,3879.63,11638.89
2023-09-28,Headset,7,3751.8,26262.6
2023-04-17,Cadeira Gamer,6,795.51,4773.06
2023-03-13,Notebook,8,1125.29,9002.32
2024-12-01,Notebook,8,2346.75,18774.0
2023-01-21,Notebook,6,1356.82,8140.92
2024-09-06,Monitor,3,2105.44,6316.32
2023-05-02,Monitor,3,4447.9,13343.7
2024-04-11,Teclado,1,4130.42,4130.42
2023-08-03,Mouse,7,3168.7,22180.9
2023-11-27,Headset,5,4297.7,21488.5
2024-04-03,Headset,4,3929.67,15718.68
2023-03-29,Headset,4,2173.48,8693.92
2024-01-08,Teclado,4,1045.27,4181.08
2023-04-10,Monitor,6,2595.3,15571.8
2024-10-25,Cadeira Gamer,8,3694.33,29554.64
2023-05-11,Cadeira Gamer,8,2210.28,17682.24
2024-10-23,Teclado,5,3350.52,16752.6
2023-11-05,Cadeira Gamer,6,516.92,3101.52
2023-12-10,Headset,4,3752.62,15010.48
2024-05-06,Mouse,9,4072.93,36656.37
2024-02-18,Notebook,8,3548.85,28390.8
2024-01-21,Monitor,1,4837.95,4837.95
2023-07-11,Monitor,2,4141.93,8283.86
2023-10-04,Teclado,9,4520.31,40682.79
2023-06-10,Monitor,8,4671.18,37369.44
2024-04-04,Headset,3,4016.67,12050.01
2023-11-10,Cadeira Gamer,8,3387.58,27100.64
2023-01-22,Headset,1,78.31,78.31
2023-09-10,Teclado,4,2355.84,9423.36
2024-07-14,Headset,3,2877.25,8631.75
2024-04-19,Cadeira Gamer,6,1554.95,9329.7
2023-02-28,Mouse,7,1624.62,11372.34
2024-05-25,Teclado,4,4807.74,19230.96
2024-11-12,Mouse,7,4463.97,31247.79
2024-04-20,Notebook,9,4253.44,38280.96
2024-11-30,Mouse,2,2059.76,4119.52
2023-07-09,Notebook,3,117.81,353.43
2024-11-17,Notebook,5,447.1,2235.5
2024-07-16,Mouse,3,1595.37,4786.11
2024-07-20,Teclado,8,127.93,1023.44
2023-09-01,Cadeira Gamer,8,134.89,1079.12
2024-05-19,Headset,8,4587.19,36697.52
2023-05-11,Headset,9,3545.48,31909.32
2024-04-29,Cadeira Gamer,4,1579.33,6317.32
2024-10-08,Notebook,5,706.59,3532.95
2023-01-21,Notebook,5,2582.6,12913.0
2023-06-16,Teclado,8,76.46,611.68
2023-10-01,Monitor,7,4695.15,32866.05
2024-01-23,Mouse,9,2103.33,18929.97
2024-08-23,Notebook,8,2041.56,16332.48
2023-11-12,Headset,2,1983.44,3966.88
2023-01-14,Teclado,4,393.18,1572.72
2023-08-30,Mouse,6,3209.7,19258.2
2023-12-12,Teclado,2,3678.37,7356.74
2024-07-18,Mouse,7,3396.82,23777.74
2023-12-06,Mouse,3,735.26,2205.78
2023-04-02,Cadeira Gamer,3,2915.26,8745.78
2024-01-02,Notebook,2,2868.95,5737.9
2024-03-30,Teclado,8,4348.63,34789.04
2024-03-03,Teclado,6,1926.68,11560.08
2024-05-23,Cadeira Gamer,1,1888.86,1888.86
2023-02-04,Headset,1,3111.71,3111.71
2023-07-25,Headset,7,3183.71,22285.97
2023-03-22,Notebook,8,2372.96,18983.68
2024-07-15,Notebook,5,2243.14,11215.7
2024-01-23,Monitor,5,2496.03,12480.15
2023-01-02,Cadeira Gamer,4,4312.17,17248.68
2024-01-25,Headset,6,2332.78,13996.68
2024-07-19,Mouse,6,4702.66,28215.96
2023-04-16,Teclado,3,2544.82,7634.46
2024-04-21,Notebook,9,4748.54,42736.86
2024-12-03,Teclado,7,4172.52,29207.64
2024-02-06,Teclado,1,1844.04,1844.04
2024-12-30,Monitor,7,4325.03,30275.21
2024-07-09,Headset,5,594.81,2974.05
2023-06-11,Notebook,5,4628.98,23144.9
2023-07-21,Teclado,2,3176.64,6353.28
2023-09-27,Notebook,4,319.23,1276.92
2023-09-28,Mouse,6,3239.07,19434.42
2024-03-31,Monitor,7,4872.53,34107.71
2024-04-06,Mouse,5,395.51,1977.55
2024-12-27,Notebook,9,2795.7,25161.3
2023-09-09,Notebook,3,3751.58,11254.74
2024-12-02,Headset,1,4060.78,4060.78
2023-10-23,Teclado,4,2098.45,8393.8
2024-12-25,Teclado,9,1060.62,9545.58
2024-12-20,Mouse,4,259.59,1038.36
2023-12-04,Monitor,2,2919.64,5839.28
2023-02-22,Cadeira Gamer,5,2291.91,11459.55
2023-08-05,Teclado,3,4746.28,14238.84
2023-07-07,Headset,9,349.99,3149.91
2024-01-15,Mouse,4,3442.71,13770.84
2024-05-07,Mouse,6,173.58,1041.48
2023-02-10,Cadeira Gamer,2,898.6,1797.2
2023-06-06,Headset,6,2295.22,13771.32
2023-01-15,Monitor,3,2301.62,6904.86
2023-03-06,Headset,9,3444.22,30997.98
2024-06-04,Monitor,2,4555.55,9111.1
2023-12-10,Headset,9,3213.21,28918.89
2023-05-09,Headset,5,4770.0,23850.0
2024-10-09,Notebook,8,4414.0,35312.0
2024-04-16,Mouse,2,2943.27,5886.54
2023-03-04,Headset,6,4177.27,25063.62
2023-05-19,Cadeira Gamer,3,3230.76,9692.28
2024-05-13,Headset,5,438.86,2194.3
2024-08-15,Teclado,8,3715.8,29726.4
2024-01-27,Mouse,1,519.8,519.8
2024-11-05,Teclado,5,2990.71,14953.55
2024-02-23,Mouse,3,3528.07,10584.21
2023-10-16,Teclado,4,379.31,1517.24
2024-01-14,Headset,2,1192.43,2384.86
2024-05-04,Headset,9,4582.58,41243.22
2023-08-19,Notebook,3,3100.76,9302.28
2023-02-10,Cadeira Gamer,2,1269.12,2538.24
2023-01-28,Teclado,9,3468.86,31219.74
2023-05-15,Monitor,7,3004.04,21028.28
2023-07-20,Notebook,6,2532.8,15196.8
2023-02-02,Teclado,1,4882.13,4882.13
2023-02-17,Teclado,5,3433.1,17165.5
2024-05-17,Notebook,3,1908.43,5725.29
2024-02-11,Headset,1,4010.36,4010.36
2024-07-27,Teclado,4,4428.69,17714.76
2024-12-28,Headset,2,669.84,1339.68
2023-04-09,Notebook,2,1042.74,2085.48
2024-11-14,Headset,3,1120.32,3360.96
2024-12-26,Mouse,8,3471.5,27772.0
2024-06-30,Monitor,8,3035.05,24280.4
2024-09-04,Teclado,7,3114.01,21798.07
2024-04-06,Cadeira Gamer,6,4706.83,28240.98
2024-10-04,Monitor,9,3890.76,35016.84
2023-01-05,Headset,4,683.29,2733.16
2023-08-06,Teclado,1,1770.16,1770.16
2024-05-17,Headset,8,2205.2,17641.6
2024-02-02,Mouse,7,2010.01,14070.07
2024-01-28,Notebook,7,3363.08,23541.56
2023-07-26,Teclado,3,4464.87,13394.61
2023-01-15,Mouse,4,1564.95,6259.8
2024-07-07,Mouse,9,2781.79,25036.11
2024-04-05,Teclado,6,3957.58,23745.48
2024-11-21,Headset,5,2110.28,10551.4
2024-07-28,Cadeira Gamer,3,882.18,2646.54
2023-08-29,Mouse,9,2401.01,21609.09
2024-07-17,Monitor,5,323.35,1616.75
2023-04-06,Mouse,5,4714.8,23574.0
2024-04-29,Cadeira Gamer,4,420.36,1681.44
2024-02-11,Headset,4,2220.36,8881.44
2023-08-19,Headset,1,2672.91,2672.91
2024-10-16,Monitor,7,4927.25,34490.75
2023-06-20,Mouse,9,871.81,7846.29
2024-06-24,Headset,3,616.44,1849.32
2023-02-05,Cadeira Gamer,2,93.1,186.2
2024-06-08,Teclado,3,820.08,2460.24
2023-06-09,Notebook,1,1076.0,1076.0
2024-11-29,Notebook,6,3171.38,19028.28
2023-08-31,Notebook,7,1137.55,7962.85
2023-03-27,Mouse,2,151.58,303.16
2024-07-31,Monitor,8,4141.76,33134.08
2024-11-12,Headset,6,1859.7,11158.2
2024-07-10,Teclado,4,1800.8,7203.2
2024-07-27,Cadeira Gamer,5,1547.27,7736.35
2024-10-07,Teclado,8,4878.1,39024.8
2023-01-28,Cadeira Gamer,3,892.07,2676.21
2024-09-11,Mouse,3,4496.28,13488.84
2024-07-09,Notebook,4,3895.18,15580.72
2023-12-06,Mouse,1,428.58,428.58
2023-11-27,Monitor,9,4934.31,44408.79
2024-10-01,Monitor,8,1393.26,11146.08
2024-05-20,Cadeira Gamer,8,537.99,4303.92
2023-12-14,Headset,6,4155.11,24930.66
2024-04-17,Headset,7,3548.04,24836.28
2023-08-19,Cadeira Gamer,6,3105.23,18631.38
2023-07-09,Monitor,9,822.11,7398.99
2023-08-13,Monitor,3,2418.56,7255.68
2024-01-20,Monitor,3,3913.75,11741.25
2024-01-12,Mouse,3,1552.94,4658.82
2023-10-10,Monitor,3,1592.86,4778.58
2024-09-24,Teclado,9,65.55,589.95
2024-09-19,Notebook,4,912.5,3650.0
2023-09-16,Monitor,7,4383.26,30682.82
2023-12-25,Cadeira Gamer,9,2236.65,20129.85
2024-12-10,Notebook,7,4921.96,34453.72
2024-03-31,Mouse,9,2008.75,18078.75
2024-02-15,Cadeira Gamer,3,3590.17,10770.51
2024-10-10,Notebook,4,1445.5,5782.0
2023-11-14,Cadeira Gamer,8,1850.86,14806.88
2024-11-07,Mouse,6,994.09,5964.54
2023-08-13,Teclado,5,1767.96,8839.8
2023-08-22,Mouse,4,2758.83,11035.32
2024-11-14,Mouse,8,4959.28,39674.24
2024-10-25,Cadeira Gamer,1,3337.8,3337.8
2024-01-09,Headset,9,1036.27,9326.43
2024-11-02,Monitor,1,272.56,272.56
2024-08-30,Monitor,8,675.46,5403.68
2024-04-16,Teclado,4,2834.65,11338.6
2023-08-21,Teclado,9,3837.54,34537.86
2024-11-22,Monitor,5,4705.08,23525.4
2023-04-23,Headset,3,128.32,384.96
2024-05-11,Monitor,9,2637.66,23738.94
2024-03-17,Headset,9,2380.79,21427.11
2024-07-17,Teclado,4,3297.47,13189.88
2023-09-25,Notebook,4,2819.92,11279.68
2024-05-24,Cadeira Gamer,8,3450.84,27606.72
2024-01-21,Teclado,2,3307.51,6615.02
2024-01-22,Teclado,9,629.21,5662.89
2023-04-23,Mouse,6,4008.6,24051.6
2024-09-04,Mouse,9,660.0,5940.0
2024-09-16,Mouse,8,3507.73,28061.84
2023-03-22,Cadeira Gamer,7,2109.92,14769.44
2024-11-29,Mouse,1,2593.56,2593.56
2023-04-23,Headset,3,4521.33,13563.99
2023-01-02,Monitor,2,4454.92,8909.84
2024-10-03,Notebook,5,4098.39,20491.95
2023-08-08,Teclado,5,2575.23,12876.15
2024-07-19,Headset,5,3694.39,18471.95
2023-08-13,Notebook,4,2588.84,10355.36
2024-01-20,Headset,5,4354.55,21772.75
2024-02-07,Headset,3,2043.74,6131.22
2024-09-29,Teclado,1,4852.66,4852.66
2023-05-10,Monitor,5,4665.0,23325.0
2023-02-22,Mouse,9,3720.93,33488.37
2024-11-14,Cadeira Gamer,9,1433.11,12897.99
2024-12-30,Monitor,4,701.69,2806.76
2024-11-02,Cadeira Gamer,3,4280.78,12842.34
2024-12-10,Teclado,1,868.25,868.25
2024-02-20,Teclado,2,4278.59,8557.18
2023-09-04,Teclado,8,2479.29,19834.32
2024-03-14,Notebook,1,2062.46,2062.46
2023-07-22,Cadeira Gamer,8,4520.79,36166.32
2023-07-03,Monitor,7,3039.06,21273.42
2023-05-03,Monitor,8,2904.24,23233.92
2024-02-05,Headset,6,2815.89,16895.34
2023-10-21,Headset,9,1887.29,16985.61
2023-10-07,Headset,3,3938.93,11816.79
2024-09-01,Teclado,4,1301.35,5205.4
2023-07-17,Monitor,6,4697.53,28185.18
2024-05-25,Cadeira Gamer,8,4475.23,35801.84
2023-05-24,Teclado,5,1720.53,8602.65
2024-08-31,Notebook,3,3660.85,10982.55
2023-07-20,Headset,6,2887.45,17324.7
2023-05-04,Teclado,4,1721.36,6885.44
2023-07-06,Teclado,9,4943.18,44488.62
2023-11-22,Notebook,3,174.92,524.76
2024-04-08,Mouse,4,1300.6,5202.4
2023-12-15,Monitor,7,2624.37,18370.59
2024-10-21,Cadeira Gamer,7,2633.67,18435.69
2024-02-07,Mouse,4,2965.22,11860.88
2023-12-12,Headset,6,3770.8,22624.8
2024-05-25,Teclado,3,3136.22,9408.66
2023-05-27,Notebook,6,3021.39,18128.34
2023-05-28,Notebook,2,314.9,629.8
2024-12-11,Monitor,8,1913.82,15310.56
2024-05-03,Mouse,2,1198.68,2397.36
2024-10-01,Monitor,7,1363.58,9545.06
2024-07-04,Teclado,9,2793.97,25145.73
2023-12-04,Monitor,1,1037.55,1037.55
2024-10-02,Cadeira Gamer,8,1505.05,12040.4
2024-04-17,Notebook,7,1223.57,8564.99
2023-05-31,Notebook,6,4745.09,28470.54
2024-02-19,Headset,6,4726.1,28356.6
2023-10-25,Headset,6,3069.21,18415.26
2024-09-02,Teclado,9,4626.39,41637.51
2023-09-20,Cadeira Gamer,2,3939.77,7879.54
2023-05-24,Mouse,1,2970.24,2970.24
2023-12-12,Monitor,6,81.85,491.1
2024-09-15,Teclado,8,3873.96,30991.68
2024-07-25,Headset,3,3527.32,10581.96
2023-01-02,Monitor,1,3095.51,3095.51
2023-10-31,Headset,9,3814.1,34326.9
2023-09-11,Monitor,1,2588.96,2588.96
2024-10-13,Mouse,3,3535.21,10605.63
2024-03-28,Teclado,8,4679.1,37432.8
2023-02-06,Monitor,3,1910.23,5730.69
2023-06-09,Cadeira Gamer,4,3555.2,14220.8
2023-01-09,Notebook,8,2404.65,19237.2
2023-08-21,Cadeira Gamer,1,3388.28,3388.28
2023-04-09,Cadeira Gamer,6,3826.32,22957.92
2024-10-20,Notebook,1,274.99,274.99
2023-07-27,Cadeira Gamer,1,3250.67,3250.67
2023-05-11,Monitor,8,1172.37,9378.96
2024-02-08,Monitor,4,3366.66,13466.64
2023-06-01,Monitor,1,2368.23,2368.23
2023-02-23,Notebook,7,3879.09,27153.63
2023-04-30,Cadeira Gamer,5,660.83,3304.15
2024-11-03,Notebook,5,3150.3,15751.5
2024-09-19,Monitor,1,1428.43,1428.43
2024-08-09,Cadeira Gamer,6,4272.26,25633.56
2024-09-16,Cadeira Gamer,9,4645.5,41809.5
2024-02-24,Headset,9,4982.17,44839.53
2024-02-26,Headset,8,3990.24,31921.92
2023-04-14,Mouse,5,3780.98,18904.9
2023-09-11,Teclado,1,1116.73,1116.73
2023-08-15,Headset,9,1713.23,15419.07
2023-04-22,Notebook,1,2355.13,2355.13
2024-05-24,Headset,8,3878.24,31025.92
2024-04-17,Mouse,5,4579.08,22895.4
2023-04-09,Cadeira Gamer,3,986.24,2958.72
2023-06-02,Mouse,7,4615.72,32310.04
2023-12-04,Cadeira Gamer,7,3493.34,24453.38
2024-12-06,Cadeira Gamer,9,3073.32,27659.88
2023-06-12,Teclado,7,1039.21,7274.47
2024-12-20,Headset,3,324.85,974.55
2024-11-11,Notebook,1,2863.9,2863.9
2023-06-10,Notebook,8,3275.0,26200.0
2024-08-02,Monitor,3,1093.37,3280.11
2024-02-02,Cadeira Gamer,8,2804.46,22435.68
2023-10-04,Notebook,8,4289.64,34317.12
2024-05-18,Teclado,5,4183.58,20917.9
2024-01-27,Cadeira Gamer,1,4640.41,4640.41
2023-05-15,Teclado,7,1861.13,13027.91
2023-07-14,Notebook,5,1624.35,8121.75
2024-02-05,Notebook,8,3759.66,30077.28
2024-10-01,Monitor,9,2184.01,19656.09
2023-02-02,Notebook,7,483.37,3383.59
2024-11-18,Cadeira Gamer,7,1449.87,10149.09
2024-04-04,Cadeira Gamer,1,2121.98,2121.98
2024-04-14,Cadeira Gamer,4,1497.96,5991.84
2024-01-10,Monitor,2,1694.42,3388.84
2023-01-22,Monitor,2,1504.19,3008.38
2024-10-31,Notebook,2,255.42,510.84
2023-02-07,Mouse,4,3203.62,12814.48
2023-08-18,Mouse,1,3006.6,3006.6
2023-12-31,Monitor,4,3284.25,13137.0
2024-07-16,Notebook,2,1001.93,2003.86
2024-03-13,Mouse,5,1513.49,7567.45
2023-10-10,Notebook,3,3117.1,9351.3
2023-01-27,Notebook,8,3018.16,24145.28
2023-08-14,Notebook,4,2556.34,10225.36
2023-10-04,Headset,1,1784.55,1784.55
2024-08-31,Cadeira Gamer,1,4569.01,4569.01
2023-10-11,Notebook,3,1731.86,5195.58
2024-04-25,Headset,9,2305.31,20747.79
2024-03-28,Monitor,7,3406.66,23846.62
2024-10-20,Mouse,2,2737.96,5475.92
2024-05-30,Cadeira Gamer,9,1767.09,15903.81
2024-06-30,Mouse,2,2206.44,4412.88
2023-07-11,Cadeira Gamer,3,3982.68,11948.04
2023-02-18,Mouse,2,1426.74,2853.48
2024-05-26,Cadeira Gamer,3,754.16,2262.48
2023-01-17,Mouse,6,1600.16,9600.96
2023-06-21,Mouse,9,4255.19,38296.71
2023-08-08,Mouse,9,490.5,4414.5
2023-06-07,Mouse,7,4958.9,34712.3
2024-04-21,Monitor,3,2727.96,8183.88
2023-02-15,Notebook,4,4924.99,19699.96
2024-01-08,Teclado,6,4698.03,28188.18
2024-06-01,Headset,5,2291.43,11457.15
2023-04-09,Teclado,2,1032.53,2065.06
2023-02-06,Teclado,6,866.18,5197.08
2023-10-07,Cadeira Gamer,3,1237.95,3713.85
2023-12-15,Notebook,8,3565.16,28521.28
2024-05-11,Cadeira Gamer,2,1401.1,2802.2
2023-10-29,Notebook,1,1740.06,1740.06
2023-06-30,Notebook,9,2271.46,20443.14
2024-08-29,Mouse,3,4570.5,13711.5
2023-04-09,Monitor,1,987.5,987.5
2024-11-30,Mouse,7,74.88,524.16
2023-04-26,Monitor,5,347.48,1737.4
2023-07-10,Cadeira Gamer,5,4528.59,22642.95
2023-09-10,Monitor,1,3255.21,3255.21
2023-06-10,Cadeira Gamer,9,1401.55,12613.95
2023-09-13,Teclado,7,927.1,6489.7
2023-11-19,Teclado,8,1506.62,12052.96
2023-05-08,Monitor,9,618.24,5564.16
2023-01-18,Monitor,6,4710.59,28263.54
2024-07-19,Cadeira Gamer,5,3931.82,19659.1
2024-07-23,Mouse,6,2338.84,14033.04
2023-11-19,Cadeira Gamer,2,4331.56,8663.12
2024-11-16,Mouse,4,1284.82,5139.28
2024-09-17,Teclado,3,3599.75,10799.25
2023-10-15,Notebook,7,4287.86,30015.02
2024-10-24,Monitor,9,1816.01,16344.09
2024-09-30,Mouse,5,3799.45,18997.25
2023-06-04,Cadeira Gamer,6,1510.61,9063.66
2024-05-04,Teclado,2,1529.34,3058.68
2024-01-21,Mouse,3,579.93,1739.79
2023-04-14,Cadeira Gamer,3,2228.29,6684.87
2024-01-28,Monitor,9,3662.07,32958.63
2023-09-03,Monitor,7,4704.09,32928.63
2023-06-25,Headset,8,3038.8,24310.4
2023-02-08,Notebook,9,4322.52,38902.68
2024-04-21,Headset,6,4121.35,24728.1
2024-11-12,Teclado,4,908.05,3632.2
2024-06-21,Mouse,1,2454.8,2454.8
2024-02-12,Teclado,8,628.77,5030.16
2024-06-08,Cadeira Gamer,7,3426.66,23986.62
2024-05-20,Monitor,2,4752.0,9504.0
2023-02-05,Headset,8,728.59,5828.72
2024-11-15,Headset,5,3682.72,18413.6
2023-01-20,Headset,7,3179.58,22257.06
2023-11-17,Teclado,4,2938.84,11755.36
2024-05-26,Monitor,5,1981.1,9905.5
2024-02-04,Mouse,8,1807.9,14463.2
2024-10-15,Cadeira Gamer,1,273.98,273.98
2024-04-15,Mouse,1,1128.65,1128.65
2023-05-23,Teclado,4,125.13,500.52
2023-04-02,Cadeira Gamer,3,2928.01,8784.03
2023-12-20,Headset,2,573.97,1147.94
2024-12-27,Notebook,3,4371.45,13114.35
2023-02-20,Teclado,1,2639.56,2639.56
2024-10-26,Teclado,1,3513.47,3513.47
2024-11-28,Monitor,6,2083.74,12502.44
2024-07-28,Mouse,5,2824.87,14124.35
2023-07-09,Teclado,8,4716.16,37729.28
2023-05-05,Teclado,2,459.53,919.06
2023-05-30,Headset,4,1306.99,5227.96
2023-11-10,Headset,8,3910.94,31287.52
2024-07-23,Cadeira Gamer,6,538.75,3232.5
2023-12-08,Notebook,1,424.52,424.52
2023-11-01,Monitor,4,1839.63,7358.52
2024-11-22,Notebook,1,506.23,506.23
2024-11-12,Cadeira Gamer,2,2946.14,5892.28
2023-02-23,Headset,5,1170.06,5850.3
2024-03-19,Mouse,8,4483.7,35869.6
2024-09-04,Headset,8,3928.33,31426.64
2023-09-21,Monitor,3,3513.54,10540.62
2023-02-22,Headset,4,3103.87,12415.48
2024-07-25,Monitor,6,4324.16,25944.96
2024-09-11,Monitor,3,1154.16,3462.48
2023-01-05,Monitor,2,4371.89,8743.78
2023-04-13,Cadeira Gamer,6,3957.99,23747.94
2023-07-15,Monitor,5,3753.4,18767.0
2023-12-16,Monitor,5,2828.22,14141.1
2023-02-16,Mouse,5,1268.91,6344.55
2024-10-17,Notebook,5,2146.56,10732.8
2023-09-26,Teclado,3,3978.17,11934.51
2024-01-05,Notebook,7,207.3,1451.1
2024-09-27,Monitor,6,3921.15,23526.9
2023-04-16,Mouse,4,1238.35,4953.4
2024-10-31,Headset,2,764.33,1528.66
2024-10-20,Mouse,9,622.72,5604.48
2024-10-18,Monitor,1,184.89,184.89
2023-04-30,Mouse,4,2641.75,10567.0
2024-08-26,Mouse,1,1130.39,1130.39
2023-02-27,Monitor,6,4947.69,29686.14
2023-12-12,Cadeira Gamer,4,2893.46,11573.84
2024-04-18,Mouse,5,732.53,3662.65
2023-04-27,Teclado,5,3459.37,17296.85
2023-05-07,Teclado,9,4493.83,40444.47
2024-01-28,Mouse,1,3738.64,3738.64
2024-10-02,Cadeira Gamer,2,428.38,856.76
2023-02-27,Headset,6,4484.63,26907.78
2024-09-25,Monitor,5,3979.95,19899.75
2024-05-27,Teclado,7,833.6,5835.2
2023-04-06,Headset,3,306.34,919.02
2024-09-29,Mouse,3,2808.69,8426.07
2023-04-28,Headset,2,822.38,1644.76
2024-07-13,Notebook,3,4181.23,12543.69
2024-08-23,Teclado,1,1823.76,1823.76
2024-05-02,Mouse,5,4568.82,22844.1
2023-08-25,Monitor,5,2850.16,14250.8
2023-09-29,Cadeira Gamer,7,954.23,6679.61
2023-07-08,Mouse,4,741.01,2964.04
2024-12-04,Monitor,3,2903.54,8710.62
2024-03-22,Cadeira Gamer,1,3821.32,3821.32
2024-08-03,Cadeira Gamer,8,3918.45,31347.6
2023-09-04,Mouse,3,1415.0,4245.0
2023-03-17,Headset,2,1061.02,2122.04
2023-06-03,Headset,4,132.94,531.76
2024-10-17,Cadeira Gamer,3,3412.04,10236.12
2024-03-10,Headset,1,429.01,429.01
2023-03-27,Notebook,3,2132.77,6398.31
2024-11-27,Cadeira Gamer,2,3028.33,6056.66
2023-10-12,Cadeira Gamer,8,4688.69,37509.52
2023-08-08,Monitor,6,1593.42,9560.52
2023-03-10,Headset,9,1286.37,11577.33
2023-02-16,Cadeira Gamer,8,3288.09,26304.72
2023-04-04,Notebook,3,3115.23,9345.69
2024-03-28,Monitor,5,1693.94,8469.7
2023-07-23,Mouse,7,4644.1,32508.7
2023-08-06,Cadeira Gamer,5,4232.07,21160.35
2024-04-18,Notebook,8,1158.71,9269.68
2024-03-07,Teclado,5,1233.76,6168.8
2023-12-07,Notebook,1,2585.89,2585.89
2024-07-04,Notebook,5,3879.18,19395.9
2024-09-03,Monitor,4,268.0,1072.0
2023-10-16,Mouse,6,3482.01,20892.06
2023-09-11,Teclado,3,3258.77,9776.31
2023-12-23,Headset,5,1195.83,5979.15
2023-01-23,Headset,2,3422.7,6845.4
2024-06-05,Notebook,6,4703.91,28223.46
2023-04-10,Monitor,6,281.59,1689.54
2023-06-29,Monitor,5,1632.28,8161.4
2023-08-11,Headset,6,2218.97,13313.82
2024-10-20,Teclado,7,4501.34,31509.38
2024-03-17,Mouse,5,4813.19,24065.95
2024-08-30,Teclado,1,2248.37,2248.37
2023-11-21,Cadeira Gamer,8,3762.64,30101.12
2024-05-30,Cadeira Gamer,4,2681.72,10726.88
2023-01-16,Mouse,9,2712.03,24408.27
2023-12-02,Headset,6,1426.59,8559.54
2023-09-15,Mouse,1,1123.93,1123.93
2024-05-11,Monitor,3,1475.63,4426.89
2023-06-09,Cadeira Gamer,3,2803.82,8411.46
2024-04-19,Notebook,4,194.32,777.28
2024-10-25,Notebook,6,4540.88,27245.28
2024-11-20,Headset,7,823.6,5765.2
2024-11-05,Monitor,4,1139.44,4557.76
2024-01-15,Teclado,6,2615.47,15692.82
2024-06-28,Monitor,1,3565.07,3565.07
2024-11-21,Notebook,8,523.86,4190.88
2024-03-02,Notebook,7,1622.59,11358.13
2024-09-04,Cadeira Gamer,9,4844.94,43604.46
2023-09-25,Monitor,3,1348.6,4045.8
2024-07-30,Monitor,2,1599.6,3199.2
2024-02-21,Notebook,1,4190.67,4190.67
2023-06-17,Teclado,3,298.56,895.68
2023-02-12,Headset,5,2349.84,11749.2
2024-07-09,Headset,2,1929.1,3858.2
2023-10-12,Monitor,3,1617.1,4851.3
2024-02-01,Headset,4,1464.21,5856.84
2023-01-12,Notebook,7,502.3,3516.1
2024-08-29,Notebook,3,1608.39,4825.17
2023-10-29,Monitor,9,263.11,2367.99
2023-09-10,Monitor,8,3915.77,31326.16
2024-05-13,Cadeira Gamer,4,2021.23,8084.92
2023-02-04,Monitor,1,2247.32,2247.32
2024-12-27,Teclado,1,4473.29,4473.29
2023-03-31,Headset,1,3307.37,3307.37
2024-08-27,Monitor,1,89.89,89.89
2024-08-24,Mouse,8,4718.72,37749.76
2024-02-22,Cadeira Gamer,3,1223.87,3671.61
2023-04-25,Mouse,6,582.69,3496.14
2024-09-08,Notebook,3,3852.23,11556.69
2023-07-15,Headset,5,2527.36,12636.8
2024-05-15,Monitor,7,2197.16,15380.12
2024-09-17,Mouse,2,1285.04,2570.08
2024-05-07,Headset,6,2759.98,16559.88
2023-03-16,Notebook,6,1408.2,8449.2
2024-02-17,Teclado,3,4512.84,13538.52
2024-01-11,Cadeira Gamer,6,1115.26,6691.56
2024-02-24,Headset,5,4427.56,22137.8
2024-12-29,Headset,2,2819.06,5638.12
2023-10-04,Teclado,9,4151.02,37359.18
2024-11-06,Headset,8,3578.59,28628.72
2024-01-29,Notebook,3,3498.64,10495.92
2024-04-01,Notebook,8,1655.51,13244.08
2023-07-11,Teclado,9,1207.79,10870.11
2024-11-19,Cadeira Gamer,3,1093.89,3281.67
2023-04-09,Monitor,3,4293.1,12879.3
2024-07-01,Mouse,2,4111.11,8222.22
2023-04-06,Monitor,8,2230.84,17846.72
2024-10-25,Headset,1,705.4,705.4
2024-10-24,Mouse,8,1942.15,15537.2
2023-07-09,Teclado,7,3115.75,21810.25
2023-02-06,Teclado,7,2299.3,16095.1
2024-01-04,Cadeira Gamer,3,3911.94,11735.82
2024-11-25,Mouse,1,4988.23,4988.23
2024-06-08,Notebook,4,996.1,3984.4
2023-10-06,Mouse,9,2325.27,20927.43
2023-08-05,Headset,5,2183.37,10916.85
2023-09-30,Notebook,1,1557.24,1557.24
2023-03-03,Teclado,5,1030.57,5152.85
2024-08-18,Mouse,8,375.18,3001.44
2024-12-29,Monitor,8,4441.24,35529.92
2023-12-08,Cadeira Gamer,5,2128.25,10641.25
2024-02-01,Monitor,9,2509.63,22586.67
2024-11-29,Cadeira Gamer,1,4588.86,4588.86
2023-01-19,Headset,4,3892.64,15570.56
2023-06-26,Monitor,3,695.98,2087.94
2024-09-03,Mouse,2,2848.83,5697.66
2024-01-31,Mouse,8,2239.15,17913.2
2024-03-20,Monitor,7,3996.19,27973.33
2023-08-21,Mouse,9,3634.95,32714.55
2023-03-17,Headset,2,3467.51,6935.02
2023-09-22,Notebook,4,1735.7,6942.8
2024-03-30,Headset,6,4034.57,24207.42
2024-12-18,Cadeira Gamer,3,309.34,928.02
2024-01-19,Headset,8,840.14,6721.12
2024-07-17,Cadeira Gamer,3,1711.34,5134.02
2024-05-20,Mouse,2,430.2,860.4
2024-01-02,Notebook,3,1213.22,3639.66
2023-05-24,Mouse,6,4159.25,24955.5
2023-03-10,Teclado,2,4743.85,9487.7
2023-04-09,Mouse,8,1557.78,12462.24
2024-01-31,Cadeira Gamer,1,1359.35,1359.35
2023-01-25,Mouse,7,1435.47,10048.29
2024-04-13,Mouse,2,1424.71,2849.42
2024-04-28,Notebook,6,227.85,1367.1
2024-07-18,Mouse,2,4638.24,9276.48
2023-05-31,Notebook,2,1107.81,2215.62
2023-05-24,Monitor,8,2129.02,17032.16
2024-07-22,Teclado,2,97.95,195.9
2023-02-08,Notebook,7,4296.88,30078.16
2023-04-19,Cadeira Gamer,3,3669.23,11007.69
2024-11-23,Monitor,8,4736.44,37891.52
2023-02-11,Notebook,7,3919.0,27433.0
2023-07-05,Notebook,8,1602.85,12822.8
2024-02-02,Teclado,7,1276.97,8938.79
2023-08-11,Cadeira Gamer,6,3503.7,21022.2
2024-09-25,Headset,7,1852.36,12966.52
2023-05-13,Headset,5,2852.76,14263.8
2023-06-12,Notebook,7,80.97,566.79
2023-08-03,Mouse,1,356.33,356.33
2023-08-23,Cadeira Gamer,1,2700.07,2700.07
2024-10-19,Monitor,9,2852.05,25668.45
2024-08-10,Mouse,5,3769.69,18848.45
2023-01-09,Mouse,5,703.23,3516.15
2023-03-15,Cadeira Gamer,3,2590.26,7770.78
2024-05-06,Notebook,5,1012.52,5062.6
2023-09-10,Notebook,3,511.32,1533.96
2023-08-18,Notebook,9,2081.95,18737.55
2024-06-02,Notebook,9,858.52,7726.68
2023-06-23,Headset,6,1147.82,6886.92
2024-10-14,Notebook,1,1621.9,1621.9
2023-06-17,Headset,7,1333.97,9337.79
2023-06-19,Headset,7,483.58,3385.06
2024-01-28,Notebook,4,495.09,1980.36
2024-09-25,Teclado,8,1006.58,8052.64
2023-07-13,Monitor,6,300.27,1801.62
2024-05-31,Mouse,4,3150.96,12603.84
2023-01-29,Headset,4,1472.27,5889.08
2023-06-14,Cadeira Gamer,2,1434.74,2869.48
2024-02-26,Cadeira Gamer,2,1693.39,3386.78
2023-12-05,Monitor,4,3330.84,13323.36
2024-10-09,Cadeira Gamer,5,4359.64,21798.2
2024-05-10,Teclado,8,3807.48,30459.84
2023-12-31,Cadeira Gamer,6,3651.27,21907.62
2023-12-08,Mouse,4,2447.74,9790.96
2024-05-14,Mouse,7,3484.34,24390.38
2024-10-18,Headset,8,2786.17,22289.36
2024-05-25,Notebook,2,1120.44,2240.88
2023-11-23,Teclado,7,1082.51,7577.57
2023-08-05,Headset,2,1517.14,3034.28
2023-10-28,Teclado,2,4558.47,9116.94
2023-05-12,Notebook,8,2759.7,22077.6
2023-03-11,Cadeira Gamer,2,3682.83,7365.66
2023-09-09,Cadeira Gamer,9,1765.47,15889.23
2024-02-19,Notebook,1,2068.19,2068.19
2024-03-20,Headset,9,671.55,6043.95
2023-07-01,Notebook,1,897.91,897.91
2023-06-16,Monitor,2,4145.41,8290.82
2023-04-01,Mouse,6,2944.95,17669.7
2024-12-14,Headset,6,1720.79,10324.74
2024-06-14,Teclado,1,4024.11,4024.11
2023-02-08,Monitor,7,1270.27,8891.89
2023-05-06,Headset,8,4881.36,39050.88
2024-03-26,Notebook,2,1756.85,3513.7
2023-06-22,Notebook,8,1719.69,13757.52
2024-10-14,Notebook,9,1593.96,14345.64
2023-08-08,Notebook,6,654.45,3926.7
2024-09-29,Teclado,5,600.13,3000.65
2023-02-27,Monitor,9,3258.12,29323.08
2024-10-21,Cadeira Gamer,9,4381.83,39436.47
2024-04-20,Mouse,1,3963.08,3963.08
2024-03-31,Teclado,3,748.48,2245.44
2023-12-27,Teclado,9,2750.63,24755.67
2023-01-01,Cadeira Gamer,2,572.68,1145.36
2024-01-22,Cadeira Gamer,4,274.21,1096.84
2023-12-14,Mouse,4,3299.11,13196.44
2023-07-09,Mouse,2,2699.0,5398.0
2024-05-19,Cadeira Gamer,3,456.02,1368.06
2023-07-10,Notebook,3,222.95,668.85
2024-05-22,Teclado,1,4949.29,4949.29
2024-01-04,Headset,6,198.61,1191.66
2024-02-13,Mouse,8,2250.41,18003.28
2023-04-27,Mouse,3,2547.86,7643.58
2023-05-14,Cadeira Gamer,5,630.54,3152.7
2023-02-27,Monitor,1,886.86,886.86
2024-07-09,Headset,7,1791.43,12540.01
2024-11-15,Headset,1,3820.3,3820.3
2024-11-02,Mouse,9,2560.06,23040.54
2023-06-22,Notebook,8,3207.61,25660.88
2023-05-29,Monitor,7,4926.61,34486.27
2023-03-21,Headset,7,3851.63,26961.41
2023-08-01,Mouse,5,2200.09,11000.45
2023-07-22,Headset,5,2259.89,11299.45
2023-08-17,Monitor,5,3112.92,15564.6
2024-11-06,Monitor,1,3343.56,3343.56
2023-08-15,Teclado,8,2528.52,20228.16
2024-10-20,Cadeira Gamer,1,3242.06,3242.06
2024-06-15,Cadeira Gamer,4,166.49,665.96
2024-03-16,Mouse,9,2176.63,19589.67
2024-02-06,Monitor,9,1430.74,12876.66
2023-02-16,Teclado,5,689.41,3447.05
2023-08-21,Teclado,4,542.76,2171.04
2023-11-01,Headset,3,3035.8,9107.4
2024-06-09,Headset,3,2641.82,7925.46
2023-05-23,Teclado,5,1305.24,6526.2
2024-02-19,Headset,1,2381.2,2381.2
2024-05-27,Monitor,5,2486.55,12432.75
2024-01-08,Notebook,6,1015.29,6091.74
2024-07-19,Monitor,7,3277.86,22945.02
2023-09-16,Teclado,9,3915.55,35239.95
2024-10-17,Teclado,3,3967.74,11903.22
2024-04-15,Monitor,2,3032.23,6064.46
2023-01-12,Headset,3,2582.61,7747.83
2023-11-26,Headset,9,351.99,3167.91
2023-12-24,Cadeira Gamer,7,1474.76,10323.32
2024-02-12,Teclado,9,511.69,4605.21
2024-10-29,Mouse,2,4820.92,9641.84
2024-01-08,Cadeira Gamer,5,718.65,3593.25
2023-01-08,Headset,4,801.29,3205.16
2023-05-02,Monitor,2,4453.4,8906.8
2023-12-14,Headset,9,4722.45,42502.05
2024-11-06,Monitor,9,3840.85,34567.65
2023-03-31,Cadeira Gamer,6,76.75,460.5
2024-10-09,Teclado,6,56.66,339.96
2024-11-28,Headset,8,1921.6,15372.8
2023-11-12,Monitor,6,759.81,4558.86
2023-06-27,Teclado,1,141.01,141.01
2024-06-23,Mouse,4,2347.13,9388.52
2023-02-10,Monitor,7,4718.16,33027.12
2024-12-04,Cadeira Gamer,2,1652.91,3305.82
2024-05-16,Mouse,9,3322.65,29903.85
2023-05-25,Mouse,8,3278.56,26228.48
2023-07-20,Notebook,8,1292.85,10342.8
2024-12-24,Headset,7,3269.6,22887.2
2024-04-05,Monitor,4,1101.05,4404.2
2024-07-11,Mouse,2,653.94,1307.88
2024-06-30,Notebook,3,3521.85,10565.55
2023-09-10,Cadeira Gamer,6,611.53,3669.18
2024-01-25,Teclado,5,4984.7,24923.5
2024-08-16,Monitor,8,958.09,7664.72
2023-09-13,Mouse,6,2991.0,17946.0
2024-12-09,Headset,6,2086.3,12517.8
2024-03-25,Notebook,1,675.61,675.61
2023-01-10,Mouse,4,187.83,751.32
2023-08-30,Headset,5,3132.52,15662.6
2023-09-08,Mouse,3,4043.45,12130.35
2023-01-05,Monitor,9,4217.98,37961.82
2023-04-29,Monitor,1,2439.43,2439.43
2024-01-09,Monitor,6,3898.4,23390.4
2023-03-06,Cadeira Gamer,6,3380.59,20283.54
2023-05-26,Cadeira Gamer,5,3635.06,18175.3
2023-08-12,Notebook,5,2488.37,12441.85
2023-08-27,Monitor,5,3185.39,15926.95
2023-06-26,Headset,6,4037.35,24224.1
2023-10-09,Mouse,8,2019.53,16156.24
2023-03-04,Teclado,2,4039.6,8079.2
2023-08-05,Headset,6,2980.48,17882.88
2024-11-19,Cadeira Gamer,1,871.21,871.21
2024-04-05,Cadeira Gamer,4,172.19,688.76
2024-09-01,Headset,3,1845.63,5536.89
2023-04-15,Cadeira Gamer,9,2756.15,24805.35
2023-04-09,Monitor,3,4207.11,12621.33
2024-05-25,Notebook,6,681.05,4086.3
2024-01-20,Mouse,1,4011.02,4011.02
2024-02-09,Notebook,6,4321.89,25931.34
2024-06-01,Mouse,4,795.9,3183.6
2024-04-20,Mouse,8,4265.39,34123.12
2024-12-09,Notebook,9,4957.7,44619.3
2024-10-06,Headset,4,3647.85,14591.4
2024-03-12,Mouse,6,3934.61,23607.66
2023-01-23,Notebook,1,4972.36,4972.36
2024-07-18,Mouse,4,3047.13,12188.52
2024-11-07,Teclado,7,1574.04,11018.28
2024-12-14,Headset,1,4195.78,4195.78
2024-04-02,Monitor,8,3091.7,24733.6
2023-03-24,Mouse,6,2926.92,17561.52
2023-05-25,Teclado,5,1305.5,6527.5
2023-03-26,Monitor,9,3793.85,34144.65
2023-03-19,Monitor,2,454.25,908.5
2024-04-01,Mouse,5,4625.22,23126.1
2023-01-01,Notebook,6,1662.83,9976.98
2023-02-20,Mouse,7,682.48,4777.36
2024-11-15,Teclado,5,2239.71,11198.55
2024-12-17,Monitor,9,260.23,2342.07
2024-03-21,Mouse,1,3438.9,3438.9
2024-03-24,Notebook,7,4518.39,31628.73
2024-05-02,Mouse,7,4194.45,29361.15
2023-02-03,Headset,4,680.48,2721.92
2023-12-14,Notebook,9,675.04,6075.36
2023-04-05,Teclado,5,4076.5,20382.5
2023-03-13,Monitor,4,4625.06,18500.24
2024-07-04,Mouse,7,2330.32,16312.24
2023-06-03,Notebook,4,2519.91,10079.64
2023-09-07,Headset,3,1625.4,4876.2
2024-11-04,Notebook,9,4476.61,40289.49
2024-03-13,Cadeira Gamer,8,3242.27,25938.16
2023-04-28,Headset,1,1476.85,1476.85
2023-11-02,Teclado,7,1528.98,10702.86
2023-09-25,Monitor,9,4461.44,40152.96
2023-02-23,Teclado,8,117.49,939.92
2023-08-24,Mouse,8,1647.5,13180.0
2024-01-24,Notebook,6,2794.07,16764.42
2024-02-05,Cadeira Gamer,4,783.68,3134.72
2024-09-15,Headset,8,505.89,4047.12
2023-10-30,Headset,3,4085.62,12256.86
2023-07-26,Notebook,9,4477.3,40295.7
2023-08-17,Cadeira Gamer,2,4126.85,8253.7
2024-07-31,Notebook,2,4499.0,8998.0
2023-03-16,Mouse,7,2787.9,19515.3
2024-03-10,Teclado,4,4070.68,16282.72
2023-04-13,Headset,8,1951.01,15608.08
2024-02-26,Mouse,9,3348.03,30132.27
2024-12-04,Teclado,7,4944.74,34613.18
2023-11-02,Mouse,5,1167.35,5836.75
2023-04-08,Cadeira Gamer,8,1980.0,15840.0
2023-12-01,Headset,4,2426.23,9704.92
2024-03-10,Notebook,2,733.18,1466.36
2024-03-22,Notebook,6,451.14,2706.84
2023-11-04,Teclado,9,4157.13,37414.17
2023-09-06,Monitor,1,4885.13,4885.13
2023-06-15,Cadeira Gamer,7,2053.39,14373.73
2024-04-25,Teclado,9,483.87,4354.83
2023-12-01,Monitor,9,375.77,3381.93
2024-06-25,Mouse,3,4462.03,13386.09
2023-04-16,Cadeira Gamer,5,2345.88,11729.4
2024-07-16,Mouse,8,1634.14,13073.12
2023-03-22,Headset,8,2408.48,19267.84
2023-05-13,Cadeira Gamer,4,1625.61,6502.44
2023-05-18,Monitor,1,2470.73,2470.73
2023-07-03,Headset,1,4304.8,4304.8
2024-02-05,Notebook,4,2981.89,11927.56
2023-11-26,Monitor,6,3488.54,20931.24
2024-05-22,Teclado,8,1855.12,14840.96
2023-03-10,Notebook,6,3705.6,22233.6
2024-06-29,Notebook,9,3349.75,30147.75
2023-02-22,Teclado,9,641.83,5776.47
2024-03-25,Cadeira Gamer,2,2884.58,5769.16
2023-07-24,Notebook,1,1320.88,1320.88
2023-05-06,Monitor,2,4030.27,8060.54
2023-02-12,Headset,5,2158.39,10791.95
2023-04-21,Notebook,4,4973.69,19894.76
2024-10-24,Monitor,4,507.88,2031.52
2023-07-02,Mouse,9,3912.72,35214.48
2023-04-05,Monitor,8,3384.82,27078.56
2024-01-09,Headset,6,3849.12,23094.72
2024-06-03,Monitor,1,1572.27,1572.27
2023-12-26,Teclado,2,2485.67,4971.34
2024-11-26,Headset,6,3992.72,23956.32
2023-10-08,Cadeira Gamer,2,1201.08,2402.16
2023-07-14,Mouse,5,1168.86,5844.3
2023-07-14,Teclado,5,2777.7,13888.5
2024-10-28,Cadeira Gamer,6,2641.64,15849.84
2023-04-03,Monitor,6,1447.2,8683.2
2024-11-02,Headset,6,1525.47,9152.82
2023-03-02,Mouse,2,1425.33,2850.66
2024-09-25,Teclado,3,3868.98,11606.94
2023-02-20,Cadeira Gamer,6,3276.91,19661.46
2024-02-07,Cadeira Gamer,8,4170.47,33363.76
2023-01-05,Mouse,1,4878.59,4878.59
2024-04-10,Monitor,1,2397.11,2397.11
2024-08-26,Mouse,2,380.13,760.26
2024-11-12,Cadeira Gamer,6,288.06,1728.36
2024-06-17,Notebook,9,1513.54,13621.86
2024-02-09,Teclado,4,4666.1,18664.4
2024-05-27,Mouse,3,2639.9,7919.7
2024-10-06,Cadeira Gamer,8,1395.34,11162.72
2023-08-21,Monitor,9,2025.88,18232.92
2024-06-07,Cadeira Gamer,5,3013.05,15065.25
2023-12-12,Monitor,9,3282.1,29538.9
2023-02-15,Mouse,2,811.9,1623.8
2024-06-29,Monitor,3,4886.31,14658.93
2023-03-19,Headset,7,2746.62,19226.34
2024-12-30,Headset,7,721.66,5051.62
2023-03-14,Headset,6,4473.49,26840.94
2023-09-06,Notebook,6,419.46,2516.76
2023-02-16,Mouse,2,4543.29,9086.58
2023-05-01,Cadeira Gamer,6,4983.0,29898.0
2023-08-02,Cadeira Gamer,4,3517.14,14068.56
2023-08-27,Notebook,3,3863.71,11591.13
2023-02-25,Monitor,2,1719.65,3439.3
2023-12-16,Notebook,1,4710.81,4710.81
2023-04-17,Monitor,5,2672.08,13360.4
2023-02-17,Monitor,2,3675.32,7350.64
2024-07-26,Teclado,2,4624.33,9248.66
2023-12-03,Cadeira Gamer,7,4877.14,34139.98
2023-01-26,Headset,8,4174.36,33394.88
2023-09-14,Monitor,8,1549.94,12399.52
2023-01-08,Teclado,4,4834.41,19337.64
2024-09-16,Cadeira Gamer,1,3159.19,3159.19
2023-09-10,Headset,7,4656.68,32596.76
2024-11-22,Monitor,1,3396.72,3396.72
2024-12-19,Monitor,4,1570.83,6283.32
2023-10-30,Notebook,8,1881.62,15052.96
2024-09-30,Notebook,2,2774.84,5549.68
2023-02-25,Cadeira Gamer,6,3960.57,23763.42
2024-12-26,Headset,6,1624.01,9744.06
2024-06-09,Monitor,9,2919.67,26277.03
2024-04-18,Cadeira Gamer,5,1760.84,8804.2
2023-01-28,Cadeira Gamer,4,4088.06,16352.24
2023-03-19,Mouse,5,2360.3,11801.5
2023-08-04,Notebook,5,429.78,2148.9
2024-01-21,Headset,8,871.96,6975.68
2023-12-31,Monitor,8,352.47,2819.76
2024-10-27,Cadeira Gamer,2,2521.55,5043.1
2024-06-09,Monitor,7,576.37,4034.59
2024-11-29,Mouse,8,614.99,4919.92
2023-11-08,Headset,6,4708.19,28249.14
2023-01-07,Cadeira Gamer,5,4369.64,21848.2
2023-01-03,Monitor,9,2287.83,20590.47
2024-09-14,Notebook,3,4929.74,14789.22
2023-12-29,Mouse,4,50.92,203.68
2024-05-22,Headset,9,3089.2,27802.8
2023-10-01,Mouse,6,3101.32,18607.92
2024-05-20,Notebook,8,2314.34,18514.72
2023-01-15,Headset,7,2014.89,14104.23
2023-07-11,Mouse,2,2304.15,4608.3
2024-09-22,Teclado,3,2104.05,6312.15
2024-04-29,Notebook,1,3665.94,3665.94
2023-01-28,Notebook,9,720.01,6480.09
2024-12-14,Notebook,7,1028.31,7198.17
2023-02-08,Teclado,1,943.57,943.57
2023-09-30,Teclado,3,1349.23,4047.69
2023-08-19,Monitor,4,2650.03,10600.12
2023-03-27,Cadeira Gamer,4,600.48,2401.92
2024-04-18,Mouse,5,4347.44,21737.2
2023-05-06,Monitor,3,1521.94,4565.82
2024-06-20,Mouse,3,854.56,2563.68
2023-05-25,Cadeira Gamer,1,3394.33,3394.33
2024-06-08,Teclado,7,238.53,1669.71
2023-07-31,Cadeira Gamer,1,3118.84,3118.84
2023-01-25,Teclado,2,3506.08,7012.16
2024-08-02,Cadeira Gamer,4,1113.84,4455.36
2024-01-29,Monitor,4,257.72,1030.88
2023-03-08,Headset,5,1850.04,9250.2
2023-08-21,Monitor,2,538.04,1076.08
2023-04-19,Mouse,4,626.57,2506.28
2023-05-26,Monitor,1,1308.59,1308.59
2023-04-21,Notebook,2,1512.57,3025.14
2023-08-16,Mouse,1,2673.35,2673.35
2023-04-21,Cadeira Gamer,4,3408.04,13632.16
2024-04-14,Mouse,4,2984.22,11936.88
2023-02-03,Headset,7,784.38,5490.66
2024-09-14,Teclado,9,901.83,8116.47
2024-01-04,Cadeira Gamer,9,4399.91,39599.19
2024-08-17,Mouse,5,2813.84,14069.2
2024-07-07,Cadeira Gamer,1,4356.19,4356.19
2024-02-29,Cadeira Gamer,1,1889.16,1889.16
2024-09-04,Cadeira Gamer,6,3091.28,18547.68
2024-06-01,Teclado,2,2642.13,5284.26
2024-11-22,Monitor,8,1629.66,13037.28
2023-10-09,Cadeira Gamer,9,2376.08,21384.72
2023-11-16,Notebook,4,2537.33,10149.32
2024-03-18,Headset,5,1043.82,5219.1
2023-11-11,Teclado,8,1609.3,12874.4
2024-01-12,Mouse,3,3967.48,11902.44
2023-10-16,Teclado,5,4583.15,22915.75
2024-03-12,Mouse,3,1830.98,5492.94
2024-10-23,Teclado,3,1569.51,4708.53
2023-10-04,Mouse,3,1016.23,3048.69
2024-12-10,Cadeira Gamer,7,3408.53,23859.71
2024-08-04,Monitor,7,1649.34,11545.38
2024-05-17,Mouse,7,4939.36,34575.52
2024-09-15,Mouse,8,1662.14,13297.12
2024-05-30,Notebook,5,2000.97,10004.85
2023-12-16,Mouse,5,3036.5,15182.5
2024-03-21,Notebook,4,4018.34,16073.36
2023-12-16,Headset,7,2374.12,16618.84
2024-08-29,Cadeira Gamer,4,2142.15,8568.6
2024-10-25,Notebook,2,4978.41,9956.82
2023-05-17,Monitor,4,101.94,407.76
2023-08-31,Cadeira Gamer,8,4480.57,35844.56
2024-06-26,Notebook,9,788.25,7094.25
2023-02-09,Cadeira Gamer,3,3940.33,11820.99
2023-08-17,Cadeira Gamer,7,3108.76,21761.32
2024-07-01,Cadeira Gamer,9,1742.14,15679.26
2023-08-11,Headset,4,4375.68,17502.72
2023-01-06,Monitor,3,113.89,341.67
2023-11-18,Teclado,5,1172.12,5860.6
2024-04-12,Teclado,1,2856.12,2856.12
2023-03-16,Notebook,3,1790.13,5370.39
2023-01-04,Cadeira Gamer,8,3071.37,24570.96
2024-10-07,Notebook,8,169.35,1354.8
2023-04-28,Headset,4,626.47,2505.88
2024-08-28,Headset,2,679.13,1358.26
2024-05-18,Mouse,8,986.95,7895.6
2024-07-27,Headset,8,2323.69,18589.52
2024-03-16,Mouse,4,3773.04,15092.16
2023-07-13,Monitor,3,4532.42,13597.26
2024-12-15,Notebook,2,4185.09,8370.18
2024-01-27,Monitor,9,1024.59,9221.31
2023-01-26,Headset,1,2233.7,2233.7
2024-03-10,Monitor,7,1037.09,7259.63
2023-06-22,Monitor,5,1359.14,6795.7
2023-10-27,Monitor,8,2542.56,20340.48
2024-10-06,Headset,4,387.14,1548.56
2023-11-22,Cadeira Gamer,7,1129.96,7909.72
2024-02-14,Monitor,5,4680.12,23400.6
2023-04-28,Mouse,5,2357.28,11786.4
2024-12-24,Headset,9,2254.66,20291.94
2023-08-13,Monitor,9,122.11,1098.99
2024-06-15,Cadeira Gamer,9,1274.63,11471.67
2023-04-23,Headset,6,4338.15,26028.9
2023-05-20,Teclado,6,864.91,5189.46
2024-07-12,Cadeira Gamer,5,2104.87,10524.35
2023-01-01,Mouse,9,120.94,1088.46
2023-03-31,Monitor,8,2417.76,19342.08
2024-10-15,Teclado,7,154.05,1078.35
2023-11-16,Teclado,7,4107.07,28749.49
2024-07-03,Headset,6,4133.03,24798.18
2023-05-19,Teclado,5,3949.32,19746.6
2024-05-25,Mouse,4,1452.65,5810.6
2023-09-16,Mouse,3,4194.32,12582.96
2024-11-03,Notebook,3,2737.84,8213.52
2024-11-20,Mouse,6,1900.35,11402.1
2023-01-10,Cadeira Gamer,4,3145.38,12581.52
2023-09-18,Teclado,6,111.09,666.54
2024-10-11,Mouse,3,757.66,2272.98
2023-06-21,Headset,4,3724.35,14897.4
2023-01-13,Notebook,9,1258.6,11327.4
2023-06-17,Teclado,5,3010.15,15050.75
2024-10-03,Notebook,7,1956.26,13693.82
2024-08-18,Teclado,2,4281.29,8562.58
2023-11-17,Headset,5,4764.46,23822.3
2023-11-15,Notebook,9,4423.65,39812.85
2024-09-04,Monitor,3,1389.57,4168.71
2023-11-25,Cadeira Gamer,9,1011.11,9099.99
2024-07-03,Cadeira Gamer,6,2398.45,14390.7
2024-02-23,Teclado,4,86.3,345.2
2024-08-28,Monitor,7,177.76,1244.32
2023-04-05,Notebook,8,2788.79,22310.32
2024-08-03,Monitor,6,2626.22,15757.32
2023-11-14,Monitor,5,4973.18,24865.9
2023-08-24,Notebook,6,1049.12,6294.72
2023-11-30,Headset,5,1327.61,6638.05
2024-01-11,Monitor,8,612.03,4896.24
2024-04-03,Monitor,1,4591.84,4591.84
2023-05-17,Headset,7,3900.17,27301.19
2024-08-10,Monitor,2,4120.58,8241.16
2024-06-30,Monitor,9,4518.68,40668.12
2024-05-27,Monitor,1,2648.25,2648.25
2023-10-23,Cadeira Gamer,6,2283.41,13700.46
2023-11-16,Mouse,9,1685.44,15168.96
2024-07-25,Headset,1,2966.61,2966.61
2023-12-15,Monitor,4,2298.68,9194.72
2023-08-17,Cadeira Gamer,4,2285.25,9141.0
2023-09-27,Headset,9,4687.79,42190.11
2023-10-18,Teclado,5,4920.96,24604.8
2024-12-25,Teclado,5,3992.6,19963.0
2023-06-14,Monitor,6,3795.95,22775.7
2023-01-05,Cadeira Gamer,1,3418.76,3418.76
2024-01-14,Cadeira Gamer,1,872.07,872.07
2023-03-19,Headset,9,342.57,3083.13
2024-02-14,Headset,3,3469.1,10407.3
2024-07-27,Cadeira Gamer,4,3657.49,14629.96
2023-05-12,Headset,1,282.52,282.52
2024-08-23,Cadeira Gamer,9,4643.86,41794.74
2023-02-11,Mouse,8,501.15,4009.2
2023-03-30,Cadeira Gamer,2,1465.21,2930.42
2024-02-06,Teclado,8,3378.33,27026.64
2023-10-23,Headset,7,890.87,6236.09
2023-10-22,Cadeira Gamer,6,324.31,1945.86
2024-09-07,Cadeira Gamer,1,1689.18,1689.18
2024-06-09,Headset,7,3841.56,26890.92
2024-11-21,Mouse,7,2097.71,14683.97
2024-09-28,Mouse,9,3282.22,29539.98
2024-02-26,Headset,1,2919.11,2919.11
2023-01-23,Notebook,2,159.98,319.96
2024-07-28,Headset,9,4943.27,44489.43
2023-05-23,Headset,9,255.07,2295.63
2024-10-26,Mouse,6,4840.62,29043.72
2023-05-25,Mouse,6,2771.83,16630.98
2023-08-13,Headset,4,4817.64,19270.56
2024-05-17,Headset,4,618.03,2472.12
2024-09-07,Headset,5,2477.52,12387.6
2023-04-14,Mouse,3,889.05,2667.15
2023-02-08,Headset,1,302.33,302.33
2023-07-17,Headset,1,3106.77,3106.77
2024-10-07,Monitor,7,1078.53,7549.71
2024-08-01,Notebook,1,2959.1,2959.1
2024-01-26,Teclado,1,606.2,606.2
2023-06-28,Notebook,3,1693.33,5079.99
2024-07-07,Monitor,4,3919.08,15676.32
2024-03-23,Teclado,4,2213.41,8853.64
2024-05-14,Headset,2,3157.34,6314.68
2023-01-15,Monitor,1,3254.92,3254.92
2024-09-14,Headset,3,4226.59,12679.77
2024-10-30,Mouse,4,1658.37,6633.48
2023-10-16,Cadeira Gamer,3,3452.11,10356.33
2024-04-22,Monitor,8,4810.0,38480.0
2023-08-19,Mouse,1,3664.7,3664.7
2024-02-24,Monitor,2,2474.86,4949.72
2023-06-06,Monitor,7,3172.05,22204.35
2024-07-03,Mouse,4,3711.43,14845.72
2024-03-16,Teclado,8,3080.77,24646.16
2023-04-07,Notebook,3,132.55,397.65
2024-02-15,Headset,6,1014.13,6084.78
2023-10-16,Monitor,9,4061.82,36556.38
2023-09-11,Headset,1,1399.62,1399.62
2023-07-15,Cadeira Gamer,1,3671.23,3671.23
2024-08-20,Mouse,8,1892.0,15136.0
2024-06-05,Headset,3,2633.33,7899.99
2024-05-31,Mouse,5,386.47,1932.35
2024-09-26,Headset,1,947.07,947.07
2023-04-28,Notebook,5,4788.12,23940.6
2023-06-08,Notebook,6,4456.18,26737.08
2023-08-16,Notebook,8,3278.76,26230.08
2023-08-04,Notebook,3,2325.24,6975.72
2024-11-26,Notebook,3,3395.02,10185.06
2023-01-15,Notebook,9,3112.12,28009.08
2023-06-06,Mouse,4,2864.33,11457.32
2024-10-09,Monitor,4,342.93,1371.72
2023-09-18,Headset,7,3182.37,22276.59
2023-06-06,Notebook,2,3856.15,7712.3
2023-02-16,Mouse,8,4970.7,39765.6
2023-11-20,Mouse,6,104.84,629.04
2024-11-15,Mouse,3,3664.36,10993.08
2023-05-10,Monitor,9,2880.36,25923.24
2024-02-15,Headset,5,2198.56,10992.8
2023-04-05,Monitor,8,681.47,5451.76
2024-09-18,Teclado,7,2074.97,14524.79
2023-10-19,Mouse,8,1804.17,14433.36
2023-10-10,Teclado,7,1549.01,10843.07
2023-03-10,Cadeira Gamer,3,3667.85,11003.55
2024-10-21,Notebook,2,3518.59,7037.18
2023-01-11,Notebook,7,2965.65,20759.55
2023-09-11,Monitor,3,4696.39,14089.17
2024-07-03,Headset,3,1781.78,5345.34
2023-05-14,Teclado,2,1256.82,2513.64
2024-12-12,Headset,4,3296.72,13186.88
2023-01-23,Monitor,8,1034.13,8273.04
2023-12-12,Notebook,1,1609.3,1609.3
2023-10-29,Headset,1,1161.78,1161.78
2023-12-29,Headset,5,392.31,1961.55
2024-01-31,Notebook,5,4146.12,20730.6
2023-08-06,Teclado,1,1309.98,1309.98
2023-05-21,Notebook,6,2391.49,14348.94
2024-09-07,Headset,1,264.41,264.41
2023-07-29,Teclado,5,3511.73,17558.65
2024-09-14,Teclado,9,1686.28,15176.52
2024-09-07,Notebook,5,3736.45,18682.25
2024-11-13,Headset,6,2091.4,12548.4
2024-04-04,Monitor,8,1018.99,8151.92
2023-12-22,Headset,1,2590.22,2590.22
2023-11-20,Mouse,2,696.0,1392.0
2023-05-13,Cadeira Gamer,9,2230.67,20076.03
2023-05-07,Monitor,3,1620.66,4861.98
2023-04-16,Teclado,6,4564.2,27385.2
2024-08-26,Monitor,5,351.6,1758.0
2024-01-13,Teclado,2,3485.39,6970.78
2023-02-20,Teclado,7,954.62,6682.34
2023-01-29,Monitor,4,1629.27,6517.08
2024-04-06,Teclado,1,2106.79,2106.79
2023-10-23,Teclado,4,4544.67,18178.68
2023-10-24,Mouse,6,1250.76,7504.56
2024-12-26,Headset,7,501.98,3513.86
2024-02-11,Headset,7,1627.51,11392.57
2024-09-04,Cadeira Gamer,7,568.15,3977.05
2024-02-09,Cadeira Gamer,3,686.55,2059.65
2023-12-12,Mouse,6,2890.56,17343.36
2024-09-13,Cadeira Gamer,8,351.46,2811.68
2024-02-24,Monitor,4,203.11,812.44
2023-07-01,Notebook,8,3586.35,28690.8
2023-01-01,Notebook,2,1840.15,3680.3
2024-07-20,Notebook,9,670.61,6035.49
2024-01-06,Mouse,9,1305.38,11748.42
2024-10-22,Mouse,8,3228.33,25826.64
2024-03-06,Teclado,1,1413.91,1413.91
2023-11-05,Notebook,2,2497.88,4995.76
2023-05-17,Monitor,6,652.39,3914.34
2023-07-21,Cadeira Gamer,5,2961.06,14805.3
2024-03-11,Monitor,9,1614.58,14531.22
2023-11-09,Cadeira Gamer,5,3153.49,15767.45
2023-04-27,Notebook,2,4051.55,8103.1
2024-10-27,Notebook,4,3077.65,12310.6
2024-07-28,Notebook,9,1513.95,13625.55
2023-09-01,Mouse,1,1315.93,1315.93
2024-06-20,Cadeira Gamer,1,1670.73,1670.73
2024-08-24,Mouse,7,864.87,6054.09
2023-03-16,Mouse,3,946.8,2840.4
2024-01-21,Headset,2,3963.92,7927.84
2023-07-29,Monitor,9,1954.43,17589.87
2024-04-19,Monitor,3,2208.18,6624.54
2024-02-22,Teclado,2,2990.54,5981.08
2023-12-13,Mouse,8,2968.78,23750.24
2024-06-12,Cadeira Gamer,6,383.52,2301.12
2024-10-01,Headset,6,4166.13,24996.78
2023-06-28,Headset,7,927.77,6494.39
2023-07-01,Monitor,7,3629.2,25404.4
2024-10-25,Mouse,6,3874.72,23248.32
2023-01-25,Teclado,4,3588.75,14355.0
2023-06-29,Mouse,9,2915.94,26243.46
2024-12-10,Notebook,6,122.31,733.86
2024-05-15,Mouse,4,1833.86,7335.44
2023-06-10,Notebook,3,3043.96,9131.88
2023-06-26,Notebook,4,1967.88,7871.52
2023-10-12,Teclado,3,4324.23,12972.69
2023-03-04,Cadeira Gamer,2,1578.57,3157.14
2024-10-23,Monitor,5,1503.0,7515.0
2024-10-27,Mouse,2,1366.69,2733.38
2023-06-05,Notebook,6,1697.27,10183.62
2024-04-13,Mouse,3,2809.15,8427.45
2023-02-18,Cadeira Gamer,6,3549.73,21298.38
2023-03-25,Monitor,9,3329.71,29967.39
2023-12-27,Cadeira Gamer,1,4048.2,4048.2
2024-11-19,Monitor,6,4435.27,26611.62
2023-05-28,Headset,9,4089.59,36806.31
2024-09-21,Monitor,4,143.78,575.12
2023-12-08,Teclado,2,3692.79,7385.58
2024-04-20,Cadeira Gamer,4,1081.58,4326.32
2023-03-04,Notebook,1,707.99,707.99
2024-12-01,Headset,3,3210.52,9631.56
2023-12-26,Teclado,9,1632.73,14694.57
2024-07-14,Mouse,5,332.73,1663.65
2023-11-23,Cadeira Gamer,6,731.27,4387.62
2023-05-21,Notebook,3,54.6,163.8
2023-08-03,Monitor,5,4520.96,22604.8
2024-03-10,Notebook,8,171.86,1374.88
2024-12-23,Mouse,6,1086.81,6520.86
2023-11-14,Headset,4,2110.5,8442.0
2023-02-01,Headset,2,1815.03,3630.06
2024-10-31,Cadeira Gamer,9,4563.04,41067.36
2023-10-12,Headset,1,249.43,249.43
2023-11-01,Cadeira Gamer,1,2585.46,2585.46
2024-03-04,Cadeira Gamer,4,3418.37,13673.48
2024-04-21,Cadeira Gamer,7,4661.9,32633.3
2023-10-13,Monitor,1,3120.84,3120.84
2023-05-24,Teclado,9,4028.59,36257.31
2024-02-28,Cadeira Gamer,4,464.44,1857.76
2023-01-19,Cadeira Gamer,3,1960.4,5881.2
2023-01-18,Teclado,1,1901.04,1901.04
2024-08-12,Notebook,4,4437.13,17748.52
2024-01-06,Cadeira Gamer,9,799.29,7193.61
2023-06-24,Monitor,6,801.84,4811.04
2023-07-13,Headset,6,1676.36,10058.16
2024-05-16,Headset,1,319.61,319.61
2023-04-23,Mouse,2,953.17,1906.34
2023-04-24,Mouse,6,4827.79,28966.74
2023-08-10,Headset,2,2169.51,4339.02
2024-11-08,Headset,3,3178.5,9535.5
2024-10-05,Monitor,4,3644.25,14577.0
2023-09-21,Teclado,5,1866.46,9332.3
2023-02-24,Mouse,9,778.77,7008.93
2024-10-04,Teclado,4,1072.58,4290.32
2024-04-02,Monitor,9,1600.67,14406.03
2023-06-11,Headset,3,3198.54,9595.62
2024-01-15,Cadeira Gamer,8,2021.49,16171.92
2023-03-28,Teclado,1,83.73,83.73
2023-02-24,Headset,9,2640.87,23767.83
2024-04-20,Headset,9,4611.49,41503.41
2023-06-27,Notebook,2,4069.78,8139.56
2024-01-26,Teclado,4,4134.8,16539.2
2023-12-15,Cadeira Gamer,8,3985.54,31884.32
2023-01-08,Teclado,7,1652.47,11567.29
2023-11-09,Headset,1,3837.71,3837.71
2024-03-18,Cadeira Gamer,5,758.65,3793.25
2023-11-24,Monitor,7,3305.69,23139.83
2023-02-23,Notebook,4,3225.76,12903.04
2023-08-27,Headset,1,176.57,176.57
2023-08-17,Mouse,9,3950.45,35554.05
2024-08-01,Mouse,5,4521.08,22605.4
2023-02-20,Notebook,2,1373.71,2747.42
2024-08-31,Monitor,8,4071.33,32570.64
2024-08-26,Headset,2,457.91,915.82
2023-09-21,Teclado,3,3019.84,9059.52
2024-02-22,Notebook,1,2453.95,2453.95
2023-04-06,Monitor,2,2752.32,5504.64
2023-03-29,Teclado,7,4634.72,32443.04
2023-03-19,Mouse,2,4363.01,8726.02
2023-10-15,Mouse,6,3936.16,23616.96
2023-04-30,Teclado,3,1404.81,4214.43
2024-05-05,Notebook,4,4563.5,18254.0
2024-03-27,Mouse,8,532.66,4261.28
2024-05-14,Headset,3,4273.98,12821.94
2023-06-14,Cadeira Gamer,6,1674.39,10046.34
2023-07-01,Teclado,1,316.17,316.17
2024-04-13,Teclado,7,3363.32,23543.24
2023-01-07,Mouse,8,1194.84,9558.72
2023-11-26,Notebook,8,1255.68,10045.44
2024-11-03,Headset,3,1564.93,4694.79
2023-05-31,Notebook,1,365.24,365.24
2023-03-26,Monitor,9,926.78,8341.02
2023-05-27,Monitor,6,75.44,452.64
2024-09-15,Cadeira Gamer,9,2254.78,20293.02
2024-01-16,Mouse,7,467.06,3269.42
2024-07-01,Mouse,1,3429.13,3429.13
2023-10-12,Mouse,1,1216.33,1216.33
2024-11-30,Cadeira Gamer,6,4720.69,28324.14
2023-03-23,Monitor,5,4362.7,21813.5
2024-05-28,Notebook,9,1482.73,13344.57
2024-12-09,Cadeira Gamer,2,3926.92,7853.84
2024-06-06,Cadeira Gamer,8,4026.06,32208.48
2024-01-21,Notebook,5,4933.49,24667.45
2024-12-07,Mouse,2,3009.31,6018.62
2024-04-15,Headset,6,455.73,2734.38
2023-04-29,Notebook,8,3251.84,26014.72
2024-01-31,Monitor,4,3143.65,12574.6
2024-06-15,Teclado,2,3209.84,6419.68
2023-09-18,Teclado,5,1570.37,7851.85
2023-09-13,Cadeira Gamer,2,4305.41,8610.82
2023-08-14,Teclado,2,4799.39,9598.78
2023-02-22,Headset,6,1127.68,6766.08
2024-05-14,Mouse,9,486.35,4377.15
2024-05-20,Monitor,4,1012.95,4051.8
2023-12-30,Headset,6,4111.73,24670.38
2023-10-07,Monitor,7,3399.39,23795.73
2024-08-15,Monitor,6,3198.43,19190.58
2024-12-14,Mouse,8,2038.88,16311.04
2023-06-07,Cadeira Gamer,4,2910.25,11641.0
2024-09-23,Teclado,1,1573.98,1573.98
2023-02-28,Mouse,7,2412.14,16884.98
2024-12-27,Headset,3,3975.66,11926.98
2023-05-08,Cadeira Gamer,6,4907.15,29442.9
2024-12-21,Headset,2,4665.82,9331.64
2023-04-25,Cadeira Gamer,9,4672.64,42053.76
2023-07-28,Headset,1,2041.01,2041.01
2024-06-09,Mouse,6,2370.51,14223.06
2024-06-04,Cadeira Gamer,6,3542.9,21257.4
2024-07-05,Cadeira Gamer,5,4614.85,23074.25
2023-08-25,Monitor,5,752.87,3764.35
2023-10-08,Monitor,1,1556.0,1556.0
2023-12-25,Notebook,5,739.27,3696.35
2023-07-20,Headset,2,3079.44,6158.88
2023-10-05,Monitor,7,1566.19,10963.33
2023-08-23,Notebook,3,1664.23,4992.69
2024-05-08,Monitor,4,401.03,1604.12
2023-01-04,Headset,3,1781.49,5344.47
2024-10-27,Cadeira Gamer,3,4319.36,12958.08
2024-03-17,Teclado,4,1203.71,4814.84
2023-01-29,Headset,5,3491.18,17455.9
2023-04-19,Mouse,1,3166.66,3166.66
2024-09-01,Monitor,4,4324.25,17297.0
2024-12-27,Monitor,8,704.83,5638.64
2023-03-16,Cadeira Gamer,7,4889.07,34223.49
2023-05-26,Mouse,9,2934.01,26406.09
2023-05-08,Cadeira Gamer,5,4977.6,24888.0
2023-02-11,Mouse,4,4562.0,18248.0
2023-12-22,Teclado,8,1146.51,9172.08
2023-02-10,Monitor,9,328.0,2952.0
2023-02-03,Monitor,7,1315.41,9207.87
2023-01-17,Teclado,7,2661.44,18630.08
2024-11-07,Notebook,5,899.4,4497.0
2023-06-02,Cadeira Gamer,4,878.93,3515.72
2024-01-13,Teclado,1,2339.84,2339.84
2024-08-10,Cadeira Gamer,7,214.68,1502.76
2024-08-21,Headset,1,653.35,653.35
2024-09-20,Monitor,1,2108.51,2108.51
2023-12-08,Cadeira Gamer,5,362.49,1812.45
2023-01-27,Mouse,9,2013.94,18125.46
2023-10-14,Cadeira Gamer,6,2396.33,14377.98
2024-10-07,Headset,3,2283.77,6851.31
2024-12-31,Monitor,3,4352.42,13057.26
2023-06-17,Teclado,7,2673.81,18716.67
2024-09-01,Headset,6,2366.5,14199.0
2023-09-25,Monitor,9,2083.01,18747.09
2024-03-30,Cadeira Gamer,6,4097.24,24583.44
2024-11-15,Notebook,5,4480.53,22402.65
2024-02-05,Notebook,7,4273.55,29914.85
2024-04-20,Mouse,1,3384.06,3384.06
2024-12-02,Monitor,7,729.94,5109.58
2024-09-25,Notebook,3,1420.51,4261.53
2024-07-11,Teclado,9,278.01,2502.09
2024-07-29,Monitor,6,4657.58,27945.48
2023-05-10,Teclado,9,3320.95,29888.55
2023-12-29,Teclado,5,3744.5,18722.5
2024-12-05,Notebook,7,1592.28,11145.96
2024-11-23,Monitor,4,4235.98,16943.92
2023-10-19,Cadeira Gamer,7,1335.04,9345.28
2024-01-06,Headset,1,58.14,58.14
2023-01-29,Notebook,7,1913.25,13392.75
2023-05-29,Notebook,8,2875.27,23002.16
2023-10-23,Cadeira Gamer,5,2419.59,12097.95
2023-01-11,Monitor,2,4317.28,8634.56
2024-05-26,Monitor,5,571.76,2858.8
2024-11-06,Teclado,6,2791.43,16748.58
2023-04-23,Cadeira Gamer,2,2589.25,5178.5
2023-07-06,Cadeira Gamer,6,1442.9,8657.4
2023-08-15,Monitor,6,4120.03,24720.18
2023-11-06,Teclado,1,3776.6,3776.6
2023-04-08,Notebook,1,3677.65,3677.65
2023-02-24,Mouse,3,4387.15,13161.45
2024-09-14,Headset,3,3627.78,10883.34
2024-10-25,Notebook,4,1197.61,4790.44
2024-02-10,Monitor,2,3542.54,7085.08
2023-03-10,Headset,9,1573.13,14158.17
2023-11-08,Mouse,7,1248.76,8741.32
2023-10-16,Mouse,7,411.37,2879.59
2024-07-01,Teclado,6,3732.94,22397.64
2023-05-28,Headset,3,3569.45,10708.35
2024-04-11,Teclado,6,1210.77,7264.62
2023-09-01,Notebook,8,3759.43,30075.44
2024-05-05,Cadeira Gamer,8,4593.31,36746.48
2024-05-21,Cadeira Gamer,9,584.74,5262.66
2023-12-31,Cadeira Gamer,1,1201.55,1201.55
2024-04-26,Headset,1,3763.79,3763.79
2023-07-20,Cadeira Gamer,3,1408.81,4226.43
2023-06-03,Notebook,3,3142.09,9426.27
2024-03-25,Teclado,8,451.76,3614.08
2024-05-15,Headset,1,2288.4,2288.4
2023-03-14,Teclado,2,3708.5,7417.0
2024-12-13,Headset,2,3448.24,6896.48
2023-10-23,Teclado,3,4084.61,12253.83
2023-01-17,Mouse,6,4393.39,26360.34
2024-10-02,Teclado,1,3877.26,3877.26
2023-08-05,Cadeira Gamer,2,3374.36,6748.72
2023-03-02,Mouse,1,207.03,207.03
2024-09-07,Teclado,5,2698.09,13490.45
2023-02-11,Headset,7,236.6,1656.2
2023-01-25,Headset,8,4049.94,32399.52
2023-02-08,Headset,1,1637.59,1637.59
2023-05-11,Monitor,7,2834.03,19838.21
2024-05-12,Notebook,5,1433.25,7166.25
2023-08-17,Headset,1,3923.38,3923.38
2023-04-18,Mouse,3,4438.19,13314.57
2023-06-21,Headset,7,2023.28,14162.96
2024-03-10,Monitor,1,4321.47,4321.47
2024-04-22,Cadeira Gamer,7,1372.02,9604.14
2023-04-12,Mouse,5,2696.57,13482.85
2024-06-07,Monitor,1,4300.87,4300.87
2023-10-02,Cadeira Gamer,1,1663.11,1663.11
2024-09-04,Mouse,1,4772.51,4772.51
2023-02-13,Teclado,9,653.3,5879.7
2023-01-17,Notebook,3,140.46,421.38
2023-11-26,Notebook,5,4525.47,22627.35
2024-07-22,Monitor,9,389.81,3508.29
2024-05-11,Cadeira Gamer,6,4959.85,29759.1
2023-01-12,Notebook,9,4759.41,42834.69
2023-11-14,Cadeira Gamer,8,728.25,5826.0
2024-08-14,Cadeira Gamer,8,2711.04,21688.32
2023-08-04,Monitor,1,965.36,965.36
2023-12-05,Monitor,9,2169.37,19524.33
2024-10-22,Monitor,6,354.05,2124.3
2023-03-22,Notebook,9,1158.43,10425.87
2024-12-27,Monitor,3,1848.2,5544.6
2024-04-29,Notebook,3,2221.31,6663.93
2024-01-09,Monitor,6,4888.61,29331.66
2024-12-10,Headset,9,4048.93,36440.37
2023-07-19,Cadeira Gamer,7,3700.18,25901.26
2024-06-20,Monitor,3,2708.35,8125.05
2024-04-10,Mouse,3,4207.99,12623.97
2023-03-30,Cadeira Gamer,2,1729.65,3459.3
2023-09-25,Cadeira Gamer,9,3559.05,32031.45
2024-10-16,Monitor,3,4969.23,14907.69
2024-07-24,Teclado,5,1607.41,8037.05
2024-05-03,Monitor,9,3386.39,30477.51
2024-06-21,Cadeira Gamer,8,4229.36,33834.88
2023-02-16,Mouse,2,4583.25,9166.5
2023-10-15,Cadeira Gamer,3,3603.77,10811.31
2023-01-16,Mouse,2,1453.86,2907.72
2024-12-11,Notebook,8,1665.1,13320.8
2024-02-05,Headset,6,152.75,916.5
2023-03-27,Cadeira Gamer,6,3816.39,22898.34
2023-09-07,Monitor,9,261.56,2354.04
2024-01-26,Notebook,8,4330.03,34640.24
2023-12-01,Headset,4,637.37,2549.48
2024-09-20,Monitor,4,900.79,3603.16
2024-06-02,Teclado,9,2408.81,21679.29
2023-05-17,Monitor,1,3702.51,3702.51
2024-11-18,Mouse,2,738.06,1476.12
2024-05-12,Mouse,2,2228.35,4456.7
2024-12-27,Teclado,6,2440.11,14640.66
2024-04-21,Notebook,4,1100.81,4403.24
2024-08-16,Headset,3,622.01,1866.03
2023-08-11,Monitor,3,4190.28,12570.84
2024-01-07,Mouse,3,2537.2,7611.6
2024-02-06,Notebook,6,121.19,727.14
2024-03-18,Teclado,8,4024.76,32198.08
2024-05-04,Cadeira Gamer,7,4904.93,34334.51
2024-09-06,Mouse,4,3049.33,12197.32
2023-09-30,Teclado,4,2543.36,10173.44
2024-06-09,Monitor,2,4398.16,8796.32
2023-06-08,Headset,1,4764.96,4764.96
2023-06-01,Mouse,9,3784.96,34064.64
2024-09-11,Mouse,2,2254.99,4509.98
2023-07-07,Monitor,8,2981.5,23852.0
2023-04-08,Cadeira Gamer,9,3519.63,31676.67
2023-05-11,Notebook,4,1011.65,4046.6
2023-06-20,Headset,8,2263.65,18109.2
2023-07-02,Mouse,9,4157.62,37418.58
2023-12-30,Headset,5,3290.89,16454.45
2023-02-08,Mouse,7,2085.46,14598.22
2024-06-10,Headset,4,3333.64,13334.56
2024-05-11,Teclado,1,635.2,635.2
2024-05-30,Mouse,3,2037.41,6112.23
2023-12-15,Headset,5,3975.99,19879.95
2024-02-01,Notebook,3,1141.52,3424.56
2024-12-22,Teclado,7,970.51,6793.57
2023-06-10,Teclado,9,4756.55,42808.95
2023-01-16,Notebook,6,1088.99,6533.94
2024-05-07,Headset,1,1341.55,1341.55
2024-03-01,Monitor,7,4849.6,33947.2
2023-04-18,Notebook,3,3686.81,11060.43
2024-03-25,Headset,5,3513.0,17565.0
2023-11-07,Notebook,4,4271.99,17087.96
2023-06-19,Notebook,5,623.32,3116.6
2024-06-29,Mouse,5,3544.48,17722.4
2024-02-18,Headset,6,2543.26,15259.56
2023-09-08,Monitor,6,4154.3,24925.8
2023-05-21,Mouse,8,2565.3,20522.4
2023-10-01,Notebook,8,3120.19,24961.52
2024-02-20,Cadeira Gamer,9,2414.82,21733.38
2024-08-30,Notebook,8,2416.89,19335.12
2023-02-08,Notebook,2,3851.45,7702.9
2023-01-29,Headset,1,3161.4,3161.4
2024-04-21,Headset,2,3184.65,6369.3
2023-11-14,Mouse,2,2278.9,4557.8
2023-09-02,Monitor,3,2678.99,8036.97
2024-11-27,Mouse,7,3741.3,26189.1
2023-09-29,Teclado,2,4138.41,8276.82
2024-03-15,Notebook,1,3497.98,3497.98
2023-08-27,Cadeira Gamer,6,4624.16,27744.96
2024-01-12,Notebook,9,4110.6,36995.4
2023-09-23,Notebook,3,2831.23,8493.69
2023-12-25,Mouse,6,3373.46,20240.76
2023-12-06,Cadeira Gamer,3,4635.23,13905.69
2024-01-24,Cadeira Gamer,1,3114.88,3114.88
2024-07-30,Cadeira Gamer,5,4132.79,20663.95
2024-11-19,Mouse,4,3459.61,13838.44
2023-01-03,Notebook,7,2782.08,19474.56
2024-03-04,Mouse,6,1247.1,7482.6
2023-05-22,Headset,7,2158.69,15110.83
2024-01-11,Headset,5,4840.33,24201.65
2024-10-31,Mouse,4,3305.94,13223.76
2023-11-20,Cadeira Gamer,7,2843.76,19906.32
2023-05-26,Notebook,7,4668.14,32676.98
2023-10-20,Mouse,6,2953.23,17719.38
